LSOA11CD,facility_count
E01000005,7
E01000007,13
E01000008,1
E01000009,16
E01000010,28
E01000011,3
E01000013,14
E01000014,1
E01000015,1
E01000016,3
E01000017,3
E01000019,2
E01000020,9
E01000021,9
E01000023,8
E01000024,2
E01000025,2
E01000027,14
E01000029,2
E01000030,12
E01000031,9
E01000032,3
E01000034,5
E01000035,12
E01000036,2
E01000037,1
E01000038,3
E01000039,4
E01000040,8
E01000041,4
E01000042,3
E01000043,10
E01000045,19
E01000046,2
E01000048,4
E01000049,3
E01000050,4
E01000051,5
E01000052,5
E01000053,10
E01000056,2
E01000057,4
E01000058,6
E01000060,11
E01000061,11
E01000062,2
E01000063,5
E01000064,6
E01000065,5
E01000067,2
E01000068,4
E01000070,11
E01000071,3
E01000072,5
E01000073,3
E01000074,1
E01000075,7
E01000077,5
E01000078,3
E01000079,2
E01000080,4
E01000081,1
E01000082,2
E01000083,6
E01000084,5
E01000085,6
E01000086,1
E01000087,11
E01000088,8
E01000089,2
E01000090,18
E01000091,8
E01000092,46
E01000093,6
E01000094,20
E01000095,39
E01000096,7
E01000097,14
E01000098,8
E01000099,4
E01000100,1
E01000101,4
E01000102,4
E01000103,12
E01000104,7
E01000105,6
E01000106,4
E01000108,1
E01000109,4
E01000110,2
E01000111,8
E01000112,13
E01000113,7
E01000114,9
E01000115,3
E01000116,6
E01000117,3
E01000118,10
E01000119,2
E01000120,2
E01000121,2
E01000122,3
E01000123,5
E01000124,8
E01000125,3
E01000126,3
E01000127,3
E01000128,1
E01000129,17
E01000130,3
E01000131,3
E01000132,1
E01000133,3
E01000134,6
E01000135,10
E01000136,3
E01000137,3
E01000138,11
E01000139,15
E01000140,11
E01000141,25
E01000142,1
E01000143,3
E01000144,7
E01000145,2
E01000146,8
E01000147,2
E01000148,13
E01000150,3
E01000151,4
E01000152,5
E01000153,1
E01000154,2
E01000155,8
E01000156,5
E01000158,1
E01000159,8
E01000160,3
E01000161,7
E01000162,13
E01000163,1
E01000164,24
E01000166,2
E01000167,5
E01000168,2
E01000169,1
E01000170,3
E01000171,8
E01000172,5
E01000173,7
E01000174,9
E01000175,4
E01000176,2
E01000178,3
E01000180,2
E01000181,7
E01000182,8
E01000183,7
E01000184,14
E01000185,3
E01000186,7
E01000187,3
E01000188,7
E01000189,4
E01000190,1
E01000191,8
E01000192,7
E01000193,7
E01000194,18
E01000195,1
E01000196,9
E01000197,7
E01000198,7
E01000199,4
E01000200,5
E01000201,4
E01000202,3
E01000203,18
E01000204,3
E01000205,7
E01000206,26
E01000207,17
E01000208,18
E01000209,6
E01000210,11
E01000211,19
E01000212,7
E01000213,2
E01000214,14
E01000215,5
E01000218,3
E01000219,5
E01000220,2
E01000221,12
E01000222,8
E01000223,22
E01000224,1
E01000225,7
E01000226,4
E01000227,3
E01000228,9
E01000229,3
E01000230,3
E01000231,8
E01000232,4
E01000233,4
E01000234,4
E01000235,7
E01000236,6
E01000237,16
E01000238,6
E01000239,10
E01000240,9
E01000242,11
E01000243,10
E01000244,5
E01000245,2
E01000246,7
E01000247,1
E01000248,14
E01000249,5
E01000250,24
E01000251,5
E01000252,3
E01000253,14
E01000254,11
E01000255,4
E01000256,8
E01000257,13
E01000258,12
E01000259,3
E01000260,13
E01000261,12
E01000262,11
E01000263,4
E01000264,18
E01000265,2
E01000266,5
E01000267,4
E01000268,10
E01000269,4
E01000270,4
E01000271,6
E01000272,3
E01000273,16
E01000274,5
E01000275,3
E01000276,1
E01000277,1
E01000278,5
E01000279,17
E01000280,7
E01000281,18
E01000282,3
E01000283,4
E01000284,6
E01000285,3
E01000286,6
E01000287,8
E01000288,10
E01000290,9
E01000291,4
E01000292,5
E01000293,2
E01000294,5
E01000295,1
E01000296,7
E01000297,4
E01000298,6
E01000299,12
E01000300,1
E01000301,3
E01000302,8
E01000303,2
E01000304,1
E01000305,14
E01000306,1
E01000307,20
E01000308,1
E01000309,12
E01000310,11
E01000311,7
E01000312,2
E01000313,8
E01000314,2
E01000315,8
E01000316,21
E01000317,2
E01000318,5
E01000319,2
E01000320,2
E01000321,4
E01000322,5
E01000323,11
E01000324,3
E01000325,4
E01000326,7
E01000327,7
E01000328,3
E01000329,14
E01000330,14
E01000331,7
E01000332,7
E01000333,7
E01000334,2
E01000335,18
E01000336,5
E01000337,1
E01000339,4
E01000340,4
E01000341,1
E01000342,2
E01000343,6
E01000344,6
E01000345,4
E01000346,2
E01000347,7
E01000348,3
E01000349,6
E01000350,5
E01000351,4
E01000352,8
E01000353,4
E01000354,4
E01000355,2
E01000356,5
E01000357,2
E01000358,3
E01000359,5
E01000360,9
E01000361,2
E01000362,17
E01000363,7
E01000364,9
E01000365,6
E01000366,1
E01000367,8
E01000368,1
E01000369,3
E01000370,4
E01000372,2
E01000374,18
E01000375,2
E01000376,4
E01000377,10
E01000378,27
E01000379,8
E01000380,17
E01000381,5
E01000382,7
E01000383,11
E01000384,3
E01000385,10
E01000386,11
E01000387,9
E01000388,2
E01000389,11
E01000390,11
E01000391,2
E01000392,7
E01000393,5
E01000394,2
E01000395,3
E01000396,4
E01000398,3
E01000399,8
E01000400,6
E01000401,2
E01000402,7
E01000403,27
E01000404,4
E01000405,3
E01000406,6
E01000407,9
E01000408,14
E01000409,7
E01000410,4
E01000411,3
E01000412,6
E01000413,1
E01000414,24
E01000415,4
E01000416,8
E01000417,12
E01000418,11
E01000419,1
E01000420,4
E01000421,4
E01000422,4
E01000423,2
E01000424,2
E01000425,1
E01000426,6
E01000427,2
E01000428,17
E01000429,3
E01000430,5
E01000431,3
E01000432,7
E01000433,14
E01000434,3
E01000435,6
E01000436,4
E01000437,2
E01000439,10
E01000440,3
E01000442,7
E01000443,3
E01000444,7
E01000445,6
E01000447,11
E01000448,4
E01000449,5
E01000450,4
E01000451,4
E01000452,2
E01000454,5
E01000455,3
E01000456,4
E01000457,7
E01000458,4
E01000459,8
E01000460,2
E01000461,12
E01000462,15
E01000463,4
E01000464,3
E01000465,8
E01000466,12
E01000467,2
E01000469,4
E01000470,6
E01000472,8
E01000473,7
E01000474,1
E01000475,11
E01000476,2
E01000477,4
E01000478,2
E01000479,4
E01000481,7
E01000482,10
E01000483,4
E01000484,4
E01000485,5
E01000486,3
E01000487,8
E01000488,5
E01000489,8
E01000490,6
E01000491,4
E01000492,2
E01000493,1
E01000494,9
E01000495,6
E01000497,10
E01000498,2
E01000499,11
E01000501,1
E01000502,6
E01000503,4
E01000506,10
E01000507,4
E01000508,6
E01000510,9
E01000511,4
E01000512,5
E01000513,2
E01000514,1
E01000515,6
E01000516,6
E01000517,1
E01000518,5
E01000519,5
E01000520,4
E01000521,8
E01000523,4
E01000524,7
E01000525,8
E01000526,9
E01000528,6
E01000530,5
E01000531,7
E01000532,4
E01000533,5
E01000534,1
E01000535,12
E01000536,13
E01000540,2
E01000541,11
E01000543,4
E01000544,3
E01000545,6
E01000546,2
E01000548,14
E01000549,2
E01000550,8
E01000551,1
E01000552,5
E01000553,4
E01000554,1
E01000555,6
E01000556,12
E01000557,5
E01000558,3
E01000559,1
E01000561,4
E01000562,2
E01000563,6
E01000564,4
E01000565,4
E01000567,2
E01000568,19
E01000570,1
E01000571,5
E01000572,2
E01000573,2
E01000574,4
E01000575,6
E01000576,4
E01000577,2
E01000578,12
E01000579,1
E01000580,4
E01000581,6
E01000582,1
E01000583,8
E01000584,1
E01000586,26
E01000587,2
E01000588,9
E01000589,3
E01000590,3
E01000591,6
E01000592,6
E01000594,2
E01000595,8
E01000596,6
E01000599,6
E01000600,59
E01000601,14
E01000602,11
E01000603,7
E01000604,5
E01000605,6
E01000606,3
E01000608,16
E01000609,1
E01000610,1
E01000611,1
E01000612,7
E01000615,6
E01000616,4
E01000617,3
E01000620,9
E01000621,10
E01000622,2
E01000624,2
E01000625,7
E01000626,4
E01000627,11
E01000628,4
E01000630,3
E01000631,3
E01000632,2
E01000633,14
E01000634,2
E01000635,13
E01000636,15
E01000638,6
E01000640,13
E01000641,2
E01000642,12
E01000643,13
E01000644,2
E01000645,1
E01000646,7
E01000647,1
E01000648,12
E01000649,10
E01000650,11
E01000651,7
E01000652,10
E01000653,12
E01000654,4
E01000655,6
E01000656,8
E01000657,2
E01000658,10
E01000659,6
E01000661,11
E01000662,3
E01000663,10
E01000664,3
E01000665,7
E01000666,25
E01000667,13
E01000668,5
E01000670,13
E01000671,8
E01000672,2
E01000673,11
E01000674,4
E01000675,46
E01000676,26
E01000677,4
E01000678,3
E01000679,2
E01000680,18
E01000681,1
E01000682,11
E01000683,3
E01000684,3
E01000685,12
E01000686,10
E01000687,10
E01000688,2
E01000689,4
E01000690,6
E01000691,3
E01000692,9
E01000693,13
E01000694,4
E01000695,1
E01000696,9
E01000697,5
E01000698,11
E01000699,8
E01000700,5
E01000702,2
E01000703,5
E01000704,5
E01000705,4
E01000706,4
E01000708,4
E01000709,10
E01000710,7
E01000711,6
E01000712,4
E01000713,6
E01000714,19
E01000715,6
E01000716,6
E01000717,10
E01000718,7
E01000719,6
E01000720,7
E01000721,11
E01000722,14
E01000723,9
E01000724,7
E01000725,5
E01000726,5
E01000727,10
E01000728,7
E01000729,3
E01000730,9
E01000731,5
E01000732,8
E01000733,14
E01000734,2
E01000735,11
E01000736,6
E01000737,7
E01000738,7
E01000739,4
E01000740,13
E01000741,7
E01000742,8
E01000743,10
E01000744,1
E01000745,11
E01000746,2
E01000747,27
E01000748,31
E01000749,29
E01000750,1
E01000751,18
E01000752,15
E01000753,2
E01000754,10
E01000755,12
E01000756,8
E01000757,2
E01000758,6
E01000759,6
E01000760,11
E01000761,8
E01000762,9
E01000763,4
E01000764,9
E01000765,14
E01000766,4
E01000767,2
E01000768,2
E01000769,4
E01000770,9
E01000771,8
E01000772,4
E01000773,8
E01000774,5
E01000775,10
E01000777,5
E01000778,3
E01000779,5
E01000780,1
E01000781,9
E01000782,3
E01000784,3
E01000785,2
E01000786,7
E01000787,3
E01000788,11
E01000789,3
E01000790,18
E01000791,12
E01000792,3
E01000793,11
E01000794,12
E01000795,9
E01000797,10
E01000798,2
E01000799,7
E01000800,3
E01000801,6
E01000802,2
E01000803,4
E01000804,10
E01000805,6
E01000806,5
E01000807,9
E01000808,4
E01000809,5
E01000810,5
E01000811,2
E01000813,8
E01000815,7
E01000816,2
E01000818,2
E01000819,7
E01000820,6
E01000822,2
E01000824,6
E01000825,2
E01000826,4
E01000827,13
E01000828,11
E01000829,2
E01000830,14
E01000831,8
E01000832,12
E01000834,5
E01000835,9
E01000837,3
E01000838,2
E01000840,6
E01000841,3
E01000843,3
E01000844,4
E01000845,7
E01000846,5
E01000847,5
E01000848,5
E01000849,5
E01000850,23
E01000851,8
E01000852,26
E01000853,6
E01000854,28
E01000855,32
E01000856,18
E01000858,18
E01000860,6
E01000861,13
E01000862,13
E01000863,22
E01000864,7
E01000865,7
E01000866,5
E01000867,18
E01000868,3
E01000869,11
E01000870,7
E01000871,10
E01000872,4
E01000873,2
E01000874,7
E01000875,7
E01000876,2
E01000877,7
E01000878,8
E01000879,2
E01000880,2
E01000881,9
E01000882,3
E01000883,14
E01000884,5
E01000886,3
E01000887,4
E01000888,9
E01000890,2
E01000891,1
E01000892,1
E01000895,6
E01000896,3
E01000897,5
E01000898,9
E01000899,13
E01000900,2
E01000901,1
E01000902,7
E01000903,4
E01000904,11
E01000905,12
E01000906,11
E01000907,2
E01000908,4
E01000909,3
E01000910,5
E01000911,5
E01000912,11
E01000913,15
E01000914,62
E01000915,1
E01000916,11
E01000917,9
E01000918,38
E01000919,30
E01000920,10
E01000921,19
E01000922,2
E01000923,1
E01000924,2
E01000925,1
E01000926,4
E01000927,18
E01000928,9
E01000929,4
E01000930,10
E01000931,11
E01000932,2
E01000933,6
E01000934,2
E01000935,5
E01000936,7
E01000937,3
E01000938,14
E01000939,7
E01000940,8
E01000942,17
E01000943,4
E01000944,3
E01000945,24
E01000946,23
E01000947,21
E01000948,14
E01000949,1
E01000950,7
E01000951,1
E01000952,6
E01000953,32
E01000954,4
E01000955,1
E01000956,19
E01000957,3
E01000958,14
E01000959,8
E01000960,12
E01000961,9
E01000962,1
E01000963,26
E01000964,1
E01000965,2
E01000966,1
E01000968,4
E01000969,11
E01000970,2
E01000971,1
E01000972,11
E01000973,10
E01000974,3
E01000975,7
E01000976,8
E01000977,4
E01000978,1
E01000979,6
E01000980,4
E01000981,3
E01000982,1
E01000983,1
E01000984,3
E01000985,6
E01000986,3
E01000987,3
E01000989,4
E01000990,6
E01000991,4
E01000992,12
E01000993,2
E01000994,3
E01000995,3
E01000997,2
E01000998,5
E01001000,2
E01001002,1
E01001003,3
E01001004,2
E01001005,2
E01001006,9
E01001007,4
E01001008,5
E01001009,2
E01001010,12
E01001011,14
E01001012,1
E01001013,7
E01001014,12
E01001015,15
E01001016,7
E01001018,15
E01001019,12
E01001020,9
E01001021,6
E01001022,8
E01001023,37
E01001024,11
E01001025,6
E01001026,7
E01001027,17
E01001028,15
E01001029,10
E01001030,6
E01001031,7
E01001032,4
E01001033,2
E01001034,5
E01001035,6
E01001036,5
E01001037,10
E01001039,6
E01001040,2
E01001041,5
E01001042,6
E01001043,30
E01001044,3
E01001045,50
E01001046,2
E01001047,10
E01001048,32
E01001049,4
E01001050,10
E01001051,4
E01001052,4
E01001053,5
E01001054,8
E01001055,5
E01001057,3
E01001058,4
E01001059,4
E01001060,8
E01001061,9
E01001062,8
E01001063,5
E01001064,14
E01001065,20
E01001066,7
E01001067,2
E01001068,9
E01001069,3
E01001070,5
E01001071,9
E01001073,8
E01001074,14
E01001075,7
E01001076,4
E01001077,5
E01001078,12
E01001079,8
E01001080,7
E01001081,7
E01001082,8
E01001083,4
E01001084,4
E01001085,5
E01001086,1
E01001087,10
E01001089,5
E01001090,2
E01001092,12
E01001093,8
E01001094,8
E01001095,4
E01001096,2
E01001097,41
E01001098,1
E01001099,4
E01001101,4
E01001102,15
E01001103,7
E01001104,7
E01001105,3
E01001106,3
E01001107,5
E01001108,4
E01001109,3
E01001110,6
E01001111,5
E01001112,6
E01001113,2
E01001114,5
E01001115,4
E01001116,9
E01001117,5
E01001118,6
E01001119,7
E01001120,1
E01001121,10
E01001122,9
E01001123,3
E01001124,4
E01001125,20
E01001126,3
E01001127,2
E01001128,3
E01001129,5
E01001130,2
E01001132,4
E01001133,9
E01001134,8
E01001135,15
E01001136,5
E01001137,14
E01001138,5
E01001139,8
E01001140,7
E01001141,1
E01001142,9
E01001143,3
E01001144,1
E01001145,8
E01001147,6
E01001148,2
E01001149,1
E01001150,2
E01001151,4
E01001152,4
E01001154,4
E01001155,11
E01001156,7
E01001157,4
E01001158,5
E01001159,4
E01001160,3
E01001162,6
E01001163,8
E01001164,13
E01001165,10
E01001166,12
E01001167,30
E01001168,7
E01001169,2
E01001170,15
E01001171,4
E01001172,22
E01001173,13
E01001175,2
E01001176,9
E01001177,3
E01001178,6
E01001179,1
E01001180,8
E01001182,3
E01001183,13
E01001184,2
E01001185,6
E01001186,4
E01001187,1
E01001191,5
E01001193,5
E01001194,1
E01001195,12
E01001196,5
E01001197,2
E01001199,5
E01001202,10
E01001203,1
E01001204,2
E01001205,2
E01001206,6
E01001207,3
E01001208,4
E01001209,3
E01001210,5
E01001211,2
E01001212,6
E01001213,3
E01001214,7
E01001215,3
E01001216,6
E01001218,3
E01001219,2
E01001220,18
E01001221,30
E01001222,10
E01001223,1
E01001224,2
E01001225,12
E01001226,7
E01001227,2
E01001228,8
E01001229,4
E01001230,2
E01001231,6
E01001232,1
E01001233,1
E01001234,14
E01001235,10
E01001236,1
E01001237,3
E01001238,39
E01001239,11
E01001240,6
E01001241,5
E01001242,3
E01001243,12
E01001244,9
E01001245,4
E01001246,28
E01001247,43
E01001248,7
E01001249,11
E01001250,7
E01001251,1
E01001252,13
E01001253,2
E01001254,7
E01001257,7
E01001258,4
E01001259,4
E01001260,3
E01001261,21
E01001262,7
E01001263,9
E01001264,2
E01001266,11
E01001267,10
E01001268,7
E01001269,6
E01001270,7
E01001271,6
E01001272,12
E01001273,4
E01001275,5
E01001276,7
E01001277,28
E01001278,16
E01001279,6
E01001280,8
E01001281,3
E01001282,3
E01001283,12
E01001284,11
E01001285,7
E01001286,4
E01001287,1
E01001288,3
E01001289,2
E01001290,2
E01001291,2
E01001293,3
E01001294,5
E01001295,2
E01001296,2
E01001297,3
E01001298,4
E01001299,3
E01001301,8
E01001302,6
E01001303,4
E01001304,1
E01001305,1
E01001307,6
E01001308,8
E01001309,1
E01001310,4
E01001311,7
E01001312,9
E01001313,2
E01001314,1
E01001315,3
E01001316,6
E01001317,7
E01001318,9
E01001319,2
E01001320,1
E01001321,11
E01001322,21
E01001323,12
E01001324,5
E01001325,3
E01001326,5
E01001327,9
E01001328,11
E01001329,2
E01001330,2
E01001331,1
E01001332,3
E01001333,7
E01001334,12
E01001335,2
E01001336,4
E01001337,20
E01001338,11
E01001339,11
E01001340,4
E01001341,4
E01001342,2
E01001343,3
E01001344,6
E01001347,4
E01001348,25
E01001349,7
E01001350,3
E01001351,10
E01001352,4
E01001353,1
E01001354,7
E01001355,17
E01001357,2
E01001358,10
E01001359,1
E01001361,18
E01001362,3
E01001363,2
E01001364,1
E01001367,6
E01001369,8
E01001370,2
E01001371,4
E01001373,1
E01001375,3
E01001376,3
E01001377,4
E01001380,4
E01001381,8
E01001384,2
E01001385,1
E01001386,4
E01001387,2
E01001388,13
E01001389,5
E01001390,5
E01001391,3
E01001392,1
E01001393,4
E01001394,9
E01001395,1
E01001396,2
E01001397,10
E01001398,7
E01001399,7
E01001400,9
E01001401,3
E01001402,5
E01001403,7
E01001404,7
E01001405,3
E01001406,5
E01001407,4
E01001408,1
E01001409,6
E01001411,4
E01001412,38
E01001413,2
E01001414,2
E01001415,15
E01001416,2
E01001417,14
E01001418,3
E01001419,20
E01001420,1
E01001421,6
E01001422,4
E01001423,6
E01001425,15
E01001426,4
E01001427,15
E01001428,1
E01001429,57
E01001430,2
E01001431,5
E01001432,8
E01001433,10
E01001434,1
E01001436,2
E01001437,13
E01001438,7
E01001439,13
E01001440,6
E01001441,5
E01001442,6
E01001444,6
E01001445,15
E01001446,3
E01001447,2
E01001449,4
E01001450,22
E01001451,5
E01001452,4
E01001453,7
E01001454,11
E01001455,6
E01001456,2
E01001457,6
E01001458,8
E01001459,4
E01001460,2
E01001461,7
E01001464,2
E01001465,10
E01001466,2
E01001467,1
E01001468,8
E01001469,5
E01001470,13
E01001471,2
E01001473,8
E01001474,6
E01001475,3
E01001476,13
E01001477,10
E01001478,6
E01001479,3
E01001480,8
E01001481,2
E01001482,1
E01001483,4
E01001484,2
E01001485,11
E01001486,7
E01001487,1
E01001488,3
E01001489,2
E01001491,15
E01001492,3
E01001493,1
E01001494,2
E01001495,6
E01001496,4
E01001498,11
E01001499,14
E01001500,3
E01001501,21
E01001502,2
E01001503,1
E01001504,4
E01001505,5
E01001506,14
E01001507,19
E01001508,2
E01001509,4
E01001510,3
E01001511,15
E01001512,10
E01001513,28
E01001514,6
E01001515,9
E01001516,16
E01001517,5
E01001518,14
E01001519,17
E01001520,5
E01001521,8
E01001522,3
E01001523,8
E01001524,4
E01001525,1
E01001526,2
E01001527,13
E01001528,16
E01001529,6
E01001530,11
E01001531,2
E01001532,4
E01001533,4
E01001534,10
E01001535,10
E01001536,19
E01001537,2
E01001538,4
E01001539,2
E01001540,17
E01001542,4
E01001543,3
E01001544,14
E01001545,1
E01001546,1
E01001547,6
E01001548,2
E01001549,3
E01001550,1
E01001551,14
E01001552,12
E01001553,4
E01001554,2
E01001555,3
E01001556,5
E01001558,10
E01001559,19
E01001560,16
E01001562,1
E01001563,11
E01001564,3
E01001565,2
E01001566,1
E01001567,6
E01001568,2
E01001569,14
E01001570,9
E01001571,3
E01001572,6
E01001573,6
E01001574,9
E01001575,7
E01001576,10
E01001577,4
E01001579,5
E01001580,21
E01001581,9
E01001582,3
E01001583,11
E01001584,2
E01001586,4
E01001587,4
E01001588,6
E01001589,3
E01001590,7
E01001591,3
E01001592,4
E01001593,2
E01001594,2
E01001595,3
E01001596,7
E01001597,9
E01001598,2
E01001599,10
E01001600,9
E01001601,4
E01001602,6
E01001603,5
E01001604,11
E01001605,9
E01001606,7
E01001607,2
E01001608,5
E01001609,11
E01001610,3
E01001611,4
E01001613,14
E01001614,18
E01001615,25
E01001617,9
E01001618,5
E01001619,5
E01001620,19
E01001621,14
E01001623,2
E01001624,3
E01001625,11
E01001629,8
E01001631,19
E01001632,6
E01001633,2
E01001634,1
E01001635,6
E01001636,1
E01001637,4
E01001638,1
E01001640,13
E01001641,24
E01001642,12
E01001644,17
E01001645,6
E01001646,14
E01001647,9
E01001648,7
E01001650,3
E01001651,7
E01001652,11
E01001653,1
E01001654,4
E01001655,15
E01001657,5
E01001658,12
E01001659,17
E01001660,8
E01001661,11
E01001662,18
E01001664,11
E01001665,17
E01001666,39
E01001667,83
E01001668,4
E01001669,2
E01001671,5
E01001673,14
E01001674,8
E01001675,3
E01001676,3
E01001677,3
E01001678,3
E01001679,1
E01001680,3
E01001682,11
E01001683,3
E01001684,12
E01001685,4
E01001686,9
E01001687,13
E01001688,18
E01001690,4
E01001693,6
E01001694,2
E01001695,1
E01001696,11
E01001697,4
E01001698,1
E01001699,25
E01001700,7
E01001701,28
E01001703,2
E01001704,2
E01001705,3
E01001706,1
E01001708,5
E01001709,23
E01001710,3
E01001711,3
E01001712,6
E01001713,7
E01001714,6
E01001715,2
E01001716,3
E01001717,7
E01001718,13
E01001719,7
E01001720,3
E01001722,7
E01001723,1
E01001724,10
E01001726,4
E01001728,11
E01001729,4
E01001730,12
E01001731,22
E01001733,9
E01001734,13
E01001735,5
E01001737,2
E01001738,3
E01001739,7
E01001740,1
E01001741,6
E01001742,3
E01001744,5
E01001745,10
E01001746,4
E01001747,11
E01001748,9
E01001749,4
E01001750,3
E01001751,7
E01001752,6
E01001753,3
E01001754,5
E01001755,2
E01001756,15
E01001757,3
E01001758,6
E01001759,5
E01001760,25
E01001761,4
E01001762,7
E01001763,5
E01001764,1
E01001765,4
E01001767,6
E01001768,1
E01001769,5
E01001770,17
E01001772,2
E01001773,4
E01001774,10
E01001775,10
E01001776,8
E01001777,9
E01001779,8
E01001780,10
E01001781,8
E01001782,4
E01001783,4
E01001784,4
E01001786,18
E01001787,5
E01001788,3
E01001791,2
E01001792,19
E01001793,10
E01001794,4
E01001795,5
E01001796,2
E01001798,5
E01001800,4
E01001801,6
E01001802,2
E01001803,3
E01001804,1
E01001805,7
E01001806,5
E01001807,2
E01001808,14
E01001809,2
E01001811,6
E01001813,12
E01001814,10
E01001815,2
E01001816,3
E01001819,9
E01001820,3
E01001821,3
E01001822,4
E01001824,5
E01001825,2
E01001826,6
E01001827,1
E01001828,2
E01001829,7
E01001830,6
E01001831,8
E01001832,6
E01001833,2
E01001834,3
E01001835,1
E01001836,4
E01001837,6
E01001838,2
E01001839,14
E01001840,8
E01001841,3
E01001842,2
E01001843,1
E01001844,14
E01001845,3
E01001846,45
E01001847,5
E01001848,13
E01001849,29
E01001850,5
E01001854,1
E01001856,8
E01001857,11
E01001858,4
E01001859,3
E01001860,5
E01001861,3
E01001864,1
E01001865,1
E01001866,11
E01001867,5
E01001868,1
E01001869,8
E01001870,3
E01001871,11
E01001874,43
E01001875,17
E01001876,7
E01001877,9
E01001878,1
E01001879,1
E01001880,3
E01001881,2
E01001882,5
E01001883,4
E01001884,3
E01001885,4
E01001886,2
E01001887,5
E01001889,1
E01001890,4
E01001891,5
E01001893,3
E01001894,11
E01001895,2
E01001896,3
E01001897,1
E01001898,53
E01001899,15
E01001900,6
E01001902,1
E01001903,3
E01001904,2
E01001905,2
E01001906,1
E01001907,1
E01001910,2
E01001911,2
E01001912,4
E01001913,1
E01001914,6
E01001915,12
E01001916,3
E01001917,2
E01001918,2
E01001919,2
E01001920,13
E01001921,4
E01001922,5
E01001923,8
E01001924,9
E01001925,7
E01001926,1
E01001927,1
E01001928,8
E01001929,2
E01001930,10
E01001932,16
E01001933,10
E01001934,2
E01001935,2
E01001937,4
E01001938,9
E01001939,10
E01001940,4
E01001941,17
E01001942,8
E01001943,70
E01001944,3
E01001945,1
E01001946,1
E01001948,2
E01001949,1
E01001950,6
E01001951,5
E01001952,5
E01001953,5
E01001954,3
E01001955,3
E01001956,2
E01001957,1
E01001958,3
E01001959,10
E01001960,2
E01001961,1
E01001962,3
E01001963,6
E01001964,9
E01001966,10
E01001968,3
E01001969,2
E01001970,6
E01001971,1
E01001972,9
E01001973,9
E01001974,2
E01001976,6
E01001978,10
E01001979,13
E01001980,4
E01001981,2
E01001982,1
E01001983,2
E01001984,3
E01001985,1
E01001986,2
E01001987,2
E01001988,3
E01001989,3
E01001990,13
E01001991,3
E01001992,2
E01001994,5
E01001995,3
E01001996,2
E01001997,12
E01001999,13
E01002002,18
E01002003,19
E01002005,2
E01002006,3
E01002007,8
E01002008,11
E01002009,7
E01002010,6
E01002011,20
E01002013,2
E01002014,6
E01002015,3
E01002016,4
E01002017,3
E01002019,3
E01002020,17
E01002021,2
E01002022,10
E01002023,1
E01002024,1
E01002025,1
E01002026,3
E01002028,7
E01002029,20
E01002030,7
E01002031,6
E01002032,5
E01002033,1
E01002034,29
E01002036,2
E01002037,19
E01002038,6
E01002039,3
E01002040,3
E01002041,1
E01002042,8
E01002043,4
E01002044,8
E01002045,2
E01002046,9
E01002047,5
E01002048,4
E01002049,4
E01002051,9
E01002052,4
E01002053,5
E01002054,4
E01002055,3
E01002056,8
E01002058,11
E01002059,5
E01002060,1
E01002061,2
E01002062,5
E01002063,1
E01002064,3
E01002065,2
E01002066,23
E01002067,3
E01002068,5
E01002069,11
E01002070,2
E01002071,4
E01002072,14
E01002073,3
E01002074,4
E01002075,16
E01002076,3
E01002077,11
E01002078,6
E01002079,4
E01002080,36
E01002081,10
E01002082,2
E01002083,3
E01002084,10
E01002085,13
E01002086,2
E01002087,5
E01002088,6
E01002089,1
E01002090,1
E01002091,5
E01002092,7
E01002093,11
E01002094,4
E01002095,9
E01002096,13
E01002097,5
E01002098,18
E01002099,3
E01002100,4
E01002101,1
E01002102,9
E01002103,3
E01002104,4
E01002105,1
E01002106,3
E01002108,1
E01002109,10
E01002110,13
E01002111,4
E01002112,16
E01002113,1
E01002114,9
E01002115,1
E01002116,1
E01002117,7
E01002118,8
E01002119,8
E01002121,4
E01002122,2
E01002123,2
E01002125,4
E01002126,18
E01002127,4
E01002128,2
E01002129,22
E01002130,14
E01002132,16
E01002133,4
E01002134,3
E01002135,14
E01002136,12
E01002137,9
E01002139,4
E01002140,4
E01002141,3
E01002142,4
E01002143,1
E01002144,16
E01002145,6
E01002148,5
E01002150,9
E01002151,7
E01002152,3
E01002153,7
E01002154,10
E01002155,4
E01002156,8
E01002157,10
E01002159,2
E01002160,5
E01002161,6
E01002162,6
E01002163,3
E01002164,2
E01002165,1
E01002166,2
E01002169,4
E01002170,2
E01002172,1
E01002173,2
E01002174,8
E01002175,4
E01002176,4
E01002177,2
E01002179,14
E01002180,8
E01002181,6
E01002183,8
E01002184,1
E01002185,5
E01002186,11
E01002187,5
E01002189,4
E01002190,3
E01002191,8
E01002192,1
E01002193,9
E01002194,2
E01002195,8
E01002196,2
E01002197,1
E01002199,4
E01002200,8
E01002201,7
E01002202,9
E01002203,6
E01002204,7
E01002206,1
E01002207,1
E01002208,2
E01002209,17
E01002211,2
E01002212,11
E01002213,1
E01002214,1
E01002215,2
E01002216,3
E01002217,2
E01002218,4
E01002219,4
E01002221,9
E01002223,1
E01002225,13
E01002226,16
E01002227,2
E01002228,4
E01002229,4
E01002231,3
E01002232,5
E01002233,4
E01002235,1
E01002237,1
E01002238,2
E01002239,2
E01002240,3
E01002242,10
E01002243,6
E01002244,4
E01002245,4
E01002246,3
E01002247,4
E01002248,15
E01002249,13
E01002250,4
E01002251,7
E01002252,4
E01002253,9
E01002254,7
E01002256,3
E01002257,6
E01002258,7
E01002259,3
E01002260,3
E01002261,4
E01002262,5
E01002263,11
E01002265,6
E01002266,3
E01002267,3
E01002268,4
E01002269,3
E01002270,6
E01002271,1
E01002272,4
E01002273,9
E01002274,5
E01002275,1
E01002276,9
E01002277,10
E01002278,8
E01002279,9
E01002280,3
E01002281,10
E01002282,3
E01002283,8
E01002284,8
E01002285,6
E01002287,2
E01002288,6
E01002290,2
E01002291,2
E01002292,7
E01002293,27
E01002294,15
E01002295,5
E01002296,15
E01002297,1
E01002298,5
E01002299,11
E01002300,10
E01002301,4
E01002302,4
E01002303,9
E01002304,18
E01002305,3
E01002306,2
E01002307,5
E01002308,4
E01002309,5
E01002310,10
E01002311,1
E01002312,5
E01002313,5
E01002314,6
E01002315,6
E01002316,3
E01002317,8
E01002318,3
E01002319,18
E01002320,1
E01002321,4
E01002322,4
E01002323,1
E01002325,8
E01002326,8
E01002327,2
E01002328,2
E01002329,12
E01002331,3
E01002332,3
E01002333,2
E01002334,5
E01002335,2
E01002336,5
E01002337,9
E01002338,9
E01002339,2
E01002340,5
E01002341,5
E01002342,4
E01002343,4
E01002344,15
E01002345,14
E01002346,3
E01002347,2
E01002348,4
E01002349,4
E01002350,18
E01002351,1
E01002352,4
E01002353,6
E01002354,3
E01002356,26
E01002358,11
E01002359,1
E01002360,8
E01002361,19
E01002362,11
E01002363,4
E01002364,1
E01002365,3
E01002366,3
E01002367,3
E01002368,34
E01002369,4
E01002370,35
E01002371,5
E01002372,2
E01002373,5
E01002374,6
E01002375,5
E01002376,2
E01002377,8
E01002378,2
E01002379,9
E01002380,4
E01002381,2
E01002382,6
E01002383,9
E01002384,12
E01002385,15
E01002386,22
E01002388,4
E01002389,1
E01002390,1
E01002391,21
E01002392,3
E01002393,6
E01002396,11
E01002397,16
E01002399,2
E01002400,13
E01002401,9
E01002402,4
E01002403,2
E01002404,5
E01002405,11
E01002406,21
E01002407,12
E01002408,4
E01002409,6
E01002410,20
E01002411,5
E01002412,8
E01002413,5
E01002414,19
E01002417,9
E01002419,3
E01002420,3
E01002421,2
E01002422,2
E01002423,7
E01002424,10
E01002425,6
E01002426,5
E01002427,2
E01002428,2
E01002429,5
E01002430,1
E01002431,3
E01002432,5
E01002433,7
E01002434,3
E01002435,2
E01002436,5
E01002437,6
E01002438,2
E01002439,13
E01002440,9
E01002441,10
E01002442,8
E01002443,34
E01002444,196
E01002445,5
E01002446,21
E01002447,40
E01002448,5
E01002449,8
E01002450,2
E01002451,5
E01002452,9
E01002453,4
E01002454,4
E01002455,8
E01002456,4
E01002457,4
E01002458,8
E01002460,9
E01002461,11
E01002462,2
E01002463,7
E01002464,5
E01002465,8
E01002467,4
E01002468,5
E01002470,11
E01002471,3
E01002472,12
E01002473,7
E01002474,4
E01002475,12
E01002476,1
E01002477,3
E01002478,10
E01002479,6
E01002481,6
E01002482,8
E01002483,4
E01002484,4
E01002485,7
E01002486,18
E01002487,2
E01002488,6
E01002489,14
E01002490,14
E01002491,2
E01002492,11
E01002493,2
E01002494,5
E01002495,18
E01002496,10
E01002497,18
E01002498,4
E01002499,16
E01002501,1
E01002503,4
E01002504,6
E01002505,30
E01002506,11
E01002507,4
E01002508,19
E01002509,1
E01002511,11
E01002512,18
E01002513,12
E01002514,8
E01002515,15
E01002516,1
E01002518,2
E01002519,4
E01002520,11
E01002521,32
E01002523,3
E01002525,6
E01002526,12
E01002527,7
E01002528,7
E01002529,5
E01002530,8
E01002531,2
E01002532,16
E01002533,2
E01002534,8
E01002535,17
E01002536,4
E01002537,7
E01002538,10
E01002539,7
E01002540,3
E01002541,4
E01002542,4
E01002543,4
E01002544,1
E01002545,1
E01002546,8
E01002547,4
E01002548,9
E01002549,9
E01002551,7
E01002552,2
E01002553,8
E01002554,23
E01002555,7
E01002556,2
E01002557,12
E01002558,9
E01002559,36
E01002560,2
E01002562,5
E01002563,11
E01002564,8
E01002565,29
E01002566,42
E01002567,2
E01002568,18
E01002569,11
E01002570,16
E01002571,1
E01002572,8
E01002573,4
E01002574,3
E01002575,15
E01002576,3
E01002577,2
E01002578,11
E01002579,4
E01002580,5
E01002581,4
E01002583,15
E01002584,11
E01002585,4
E01002586,5
E01002587,11
E01002588,4
E01002589,16
E01002590,11
E01002591,5
E01002592,31
E01002593,24
E01002594,11
E01002595,5
E01002596,6
E01002598,10
E01002599,5
E01002600,2
E01002601,8
E01002602,1
E01002603,2
E01002604,4
E01002605,13
E01002606,1
E01002607,13
E01002608,16
E01002609,6
E01002610,3
E01002611,9
E01002612,17
E01002613,3
E01002614,15
E01002615,16
E01002616,7
E01002617,4
E01002618,7
E01002619,7
E01002620,4
E01002621,10
E01002622,6
E01002623,13
E01002624,6
E01002626,4
E01002628,14
E01002629,12
E01002630,14
E01002631,3
E01002632,4
E01002633,17
E01002634,3
E01002635,8
E01002636,2
E01002637,37
E01002638,7
E01002639,1
E01002640,3
E01002641,2
E01002642,23
E01002643,10
E01002645,1
E01002646,3
E01002647,3
E01002648,5
E01002649,5
E01002650,5
E01002651,2
E01002652,4
E01002653,3
E01002654,5
E01002655,2
E01002656,3
E01002657,4
E01002658,1
E01002659,4
E01002660,2
E01002661,5
E01002662,9
E01002663,8
E01002664,17
E01002665,8
E01002666,5
E01002667,6
E01002668,15
E01002669,3
E01002670,6
E01002671,4
E01002672,13
E01002674,5
E01002675,10
E01002676,2
E01002677,12
E01002678,27
E01002679,15
E01002680,16
E01002681,14
E01002682,16
E01002683,6
E01002684,22
E01002686,10
E01002687,4
E01002689,1
E01002690,4
E01002691,5
E01002692,24
E01002693,11
E01002694,9
E01002695,10
E01002696,12
E01002697,7
E01002698,3
E01002699,1
E01002700,2
E01002701,8
E01002702,8
E01002703,10
E01002704,45
E01002706,7
E01002707,28
E01002708,6
E01002709,2
E01002710,12
E01002711,14
E01002712,4
E01002713,10
E01002714,4
E01002716,12
E01002717,2
E01002718,3
E01002719,6
E01002720,4
E01002721,4
E01002722,2
E01002723,6
E01002724,26
E01002725,7
E01002726,18
E01002727,11
E01002728,16
E01002729,4
E01002730,10
E01002731,18
E01002732,7
E01002734,18
E01002735,7
E01002737,5
E01002738,9
E01002739,2
E01002740,5
E01002741,4
E01002742,2
E01002743,5
E01002744,1
E01002745,1
E01002747,3
E01002748,4
E01002749,1
E01002751,5
E01002752,1
E01002754,9
E01002755,1
E01002756,2
E01002758,6
E01002759,1
E01002760,2
E01002762,8
E01002763,9
E01002764,9
E01002765,10
E01002766,9
E01002767,3
E01002768,8
E01002769,1
E01002770,35
E01002771,6
E01002772,14
E01002773,2
E01002774,6
E01002775,5
E01002776,10
E01002777,1
E01002778,5
E01002779,3
E01002780,2
E01002781,5
E01002782,6
E01002783,4
E01002784,1
E01002785,3
E01002786,9
E01002787,3
E01002788,3
E01002789,3
E01002790,7
E01002791,31
E01002792,2
E01002793,6
E01002794,22
E01002795,16
E01002796,1
E01002797,15
E01002798,6
E01002799,3
E01002801,7
E01002803,11
E01002804,5
E01002805,14
E01002806,2
E01002807,5
E01002808,1
E01002809,3
E01002810,5
E01002811,2
E01002812,3
E01002813,8
E01002814,25
E01002815,8
E01002816,3
E01002817,8
E01002818,17
E01002819,8
E01002820,15
E01002821,25
E01002822,12
E01002823,1
E01002825,3
E01002826,12
E01002827,15
E01002828,4
E01002829,2
E01002830,1
E01002831,11
E01002832,4
E01002833,6
E01002834,1
E01002835,21
E01002836,5
E01002837,2
E01002838,4
E01002839,6
E01002840,8
E01002843,8
E01002844,6
E01002845,9
E01002846,5
E01002847,1
E01002848,3
E01002849,4
E01002850,6
E01002851,4
E01002852,13
E01002854,6
E01002856,2
E01002857,2
E01002858,4
E01002859,6
E01002860,1
E01002861,2
E01002862,2
E01002863,3
E01002864,4
E01002865,9
E01002866,9
E01002867,9
E01002868,3
E01002869,15
E01002870,4
E01002871,16
E01002873,12
E01002874,5
E01002875,1
E01002876,1
E01002877,7
E01002878,8
E01002879,4
E01002880,1
E01002882,5
E01002883,7
E01002884,6
E01002885,4
E01002886,8
E01002887,4
E01002888,7
E01002889,6
E01002890,1
E01002891,10
E01002892,4
E01002893,1
E01002894,11
E01002895,1
E01002896,3
E01002897,5
E01002898,4
E01002899,3
E01002900,13
E01002901,8
E01002902,17
E01002903,1
E01002905,4
E01002906,7
E01002908,2
E01002909,1
E01002910,6
E01002911,10
E01002912,8
E01002913,14
E01002914,12
E01002915,5
E01002916,14
E01002918,5
E01002919,23
E01002920,2
E01002921,8
E01002922,3
E01002923,2
E01002924,1
E01002925,5
E01002926,8
E01002927,5
E01002928,7
E01002929,5
E01002930,12
E01002931,5
E01002932,2
E01002933,5
E01002934,5
E01002935,7
E01002938,3
E01002939,4
E01002940,6
E01002941,6
E01002942,5
E01002943,2
E01002944,2
E01002945,6
E01002946,1
E01002947,3
E01002948,18
E01002949,5
E01002950,6
E01002951,3
E01002952,7
E01002953,11
E01002954,22
E01002955,17
E01002956,9
E01002957,2
E01002959,2
E01002960,5
E01002961,6
E01002962,1
E01002963,1
E01002964,17
E01002965,25
E01002966,4
E01002967,14
E01002968,93
E01002969,5
E01002970,10
E01002971,15
E01002972,14
E01002973,9
E01002974,8
E01002975,6
E01002977,7
E01002978,15
E01002979,2
E01002980,6
E01002981,4
E01002982,9
E01002983,5
E01002984,10
E01002985,2
E01002986,3
E01002987,14
E01002988,15
E01002990,14
E01002991,7
E01002992,2
E01002993,2
E01002994,4
E01002995,12
E01002996,6
E01002997,13
E01002998,3
E01002999,6
E01003000,10
E01003001,10
E01003002,4
E01003003,9
E01003005,2
E01003006,12
E01003007,6
E01003008,3
E01003009,5
E01003010,5
E01003011,6
E01003013,63
E01003014,30
E01003015,6
E01003016,19
E01003017,10
E01003018,10
E01003019,8
E01003020,8
E01003022,2
E01003023,8
E01003024,9
E01003025,5
E01003026,12
E01003028,2
E01003029,5
E01003030,18
E01003031,7
E01003032,18
E01003034,5
E01003035,4
E01003037,6
E01003038,8
E01003039,13
E01003040,4
E01003041,9
E01003042,10
E01003043,2
E01003044,2
E01003045,6
E01003046,5
E01003047,21
E01003048,9
E01003049,1
E01003050,7
E01003051,15
E01003052,6
E01003053,3
E01003054,5
E01003055,11
E01003056,1
E01003057,8
E01003058,3
E01003059,1
E01003060,6
E01003061,15
E01003062,6
E01003063,1
E01003064,6
E01003065,2
E01003066,7
E01003067,4
E01003068,4
E01003069,3
E01003071,2
E01003072,8
E01003073,6
E01003074,19
E01003076,16
E01003077,5
E01003078,6
E01003079,8
E01003080,4
E01003081,10
E01003082,3
E01003083,6
E01003084,3
E01003085,4
E01003086,3
E01003087,14
E01003088,2
E01003089,16
E01003090,14
E01003091,3
E01003092,2
E01003093,3
E01003094,1
E01003095,2
E01003096,7
E01003097,6
E01003099,26
E01003100,19
E01003101,15
E01003102,38
E01003104,7
E01003105,3
E01003106,8
E01003107,18
E01003108,5
E01003109,23
E01003110,7
E01003111,2
E01003112,9
E01003113,4
E01003114,11
E01003115,6
E01003117,7
E01003118,9
E01003119,17
E01003120,18
E01003121,1
E01003122,6
E01003123,4
E01003124,8
E01003125,5
E01003126,16
E01003127,10
E01003128,7
E01003130,6
E01003131,12
E01003132,3
E01003133,6
E01003134,5
E01003135,1
E01003136,1
E01003137,14
E01003138,5
E01003139,2
E01003141,7
E01003142,1
E01003144,13
E01003145,4
E01003146,6
E01003147,4
E01003148,3
E01003149,8
E01003150,13
E01003151,2
E01003152,5
E01003153,18
E01003154,11
E01003155,3
E01003156,5
E01003158,1
E01003159,4
E01003160,4
E01003161,2
E01003162,12
E01003163,9
E01003164,18
E01003165,6
E01003166,22
E01003167,1
E01003169,8
E01003170,10
E01003171,3
E01003172,5
E01003173,2
E01003174,7
E01003175,5
E01003176,17
E01003177,6
E01003178,2
E01003179,6
E01003180,9
E01003181,7
E01003182,5
E01003183,17
E01003184,3
E01003185,3
E01003186,7
E01003188,7
E01003189,4
E01003190,28
E01003191,3
E01003192,12
E01003193,16
E01003194,4
E01003195,2
E01003196,5
E01003197,1
E01003198,2
E01003199,8
E01003200,19
E01003201,3
E01003202,8
E01003203,7
E01003204,7
E01003205,3
E01003206,1
E01003207,10
E01003209,12
E01003210,13
E01003211,9
E01003212,3
E01003213,3
E01003214,6
E01003215,11
E01003216,1
E01003218,2
E01003219,1
E01003220,7
E01003221,5
E01003222,5
E01003223,4
E01003224,8
E01003225,3
E01003226,9
E01003227,1
E01003228,1
E01003229,5
E01003230,2
E01003231,4
E01003232,4
E01003233,4
E01003235,3
E01003236,7
E01003237,4
E01003238,4
E01003239,5
E01003240,7
E01003241,11
E01003243,14
E01003244,3
E01003246,5
E01003247,10
E01003248,12
E01003249,1
E01003250,13
E01003251,7
E01003252,3
E01003253,10
E01003254,8
E01003255,16
E01003256,3
E01003257,10
E01003258,5
E01003259,9
E01003260,7
E01003261,4
E01003262,1
E01003263,14
E01003264,10
E01003265,9
E01003266,4
E01003267,3
E01003268,11
E01003269,6
E01003270,2
E01003271,2
E01003272,2
E01003273,6
E01003274,8
E01003275,3
E01003276,14
E01003277,4
E01003278,5
E01003279,2
E01003280,11
E01003281,4
E01003282,6
E01003283,2
E01003284,6
E01003285,5
E01003286,7
E01003287,4
E01003288,4
E01003290,1
E01003291,7
E01003292,3
E01003293,1
E01003295,9
E01003296,43
E01003297,2
E01003298,2
E01003299,14
E01003300,3
E01003301,2
E01003302,3
E01003303,13
E01003304,3
E01003305,3
E01003308,3
E01003309,4
E01003310,6
E01003311,3
E01003312,4
E01003313,1
E01003314,2
E01003315,2
E01003316,3
E01003317,14
E01003318,45
E01003319,10
E01003320,4
E01003321,10
E01003322,1
E01003324,3
E01003325,2
E01003326,6
E01003327,8
E01003328,3
E01003330,6
E01003331,3
E01003332,4
E01003333,3
E01003334,8
E01003335,1
E01003336,3
E01003337,2
E01003338,10
E01003339,5
E01003340,8
E01003341,2
E01003342,7
E01003344,4
E01003345,1
E01003346,10
E01003347,2
E01003348,9
E01003350,5
E01003351,3
E01003352,10
E01003353,2
E01003354,4
E01003355,13
E01003356,11
E01003357,19
E01003358,7
E01003359,11
E01003360,5
E01003361,6
E01003362,2
E01003363,3
E01003364,4
E01003365,6
E01003366,6
E01003367,24
E01003368,2
E01003370,9
E01003372,1
E01003373,3
E01003374,15
E01003375,25
E01003376,2
E01003377,3
E01003378,2
E01003379,9
E01003380,7
E01003381,12
E01003382,4
E01003383,20
E01003384,4
E01003386,4
E01003387,6
E01003388,2
E01003389,14
E01003390,6
E01003392,20
E01003393,1
E01003394,2
E01003395,1
E01003397,1
E01003398,2
E01003399,11
E01003400,7
E01003401,10
E01003402,13
E01003403,2
E01003404,7
E01003405,4
E01003406,2
E01003407,6
E01003408,6
E01003409,5
E01003410,3
E01003411,5
E01003412,6
E01003413,5
E01003414,2
E01003415,6
E01003416,3
E01003417,5
E01003419,5
E01003420,3
E01003421,6
E01003422,12
E01003423,6
E01003424,2
E01003425,2
E01003426,9
E01003427,27
E01003428,11
E01003430,10
E01003431,2
E01003432,5
E01003433,5
E01003434,2
E01003435,11
E01003436,4
E01003437,11
E01003438,5
E01003439,24
E01003440,10
E01003441,6
E01003442,3
E01003443,1
E01003444,6
E01003445,7
E01003446,23
E01003447,19
E01003448,5
E01003449,12
E01003450,5
E01003451,8
E01003452,11
E01003453,4
E01003454,6
E01003455,1
E01003456,13
E01003458,1
E01003459,1
E01003460,12
E01003461,10
E01003462,5
E01003463,3
E01003464,4
E01003465,3
E01003466,7
E01003467,8
E01003468,2
E01003469,14
E01003470,13
E01003471,11
E01003473,3
E01003475,18
E01003477,7
E01003478,4
E01003479,1
E01003480,21
E01003481,16
E01003482,69
E01003483,1
E01003485,2
E01003486,10
E01003487,2
E01003488,1
E01003489,2
E01003491,6
E01003492,2
E01003493,12
E01003494,1
E01003496,2
E01003497,15
E01003498,7
E01003499,11
E01003500,7
E01003501,4
E01003502,16
E01003503,14
E01003506,7
E01003507,6
E01003508,1
E01003509,7
E01003512,8
E01003513,9
E01003515,21
E01003516,10
E01003517,13
E01003518,3
E01003520,7
E01003521,12
E01003523,12
E01003524,3
E01003525,17
E01003526,1
E01003528,2
E01003529,2
E01003530,1
E01003531,14
E01003532,4
E01003533,4
E01003534,2
E01003535,15
E01003536,4
E01003537,1
E01003538,3
E01003539,4
E01003540,6
E01003541,3
E01003542,2
E01003543,4
E01003544,3
E01003545,3
E01003546,2
E01003548,1
E01003549,8
E01003550,4
E01003551,4
E01003553,2
E01003555,3
E01003556,7
E01003557,1
E01003558,12
E01003559,8
E01003561,2
E01003562,5
E01003563,2
E01003564,2
E01003565,6
E01003566,9
E01003567,8
E01003569,5
E01003570,2
E01003571,4
E01003572,6
E01003573,3
E01003574,6
E01003575,1
E01003576,14
E01003577,3
E01003578,8
E01003579,1
E01003581,1
E01003583,2
E01003586,4
E01003587,9
E01003589,1
E01003590,6
E01003591,18
E01003593,4
E01003594,4
E01003595,7
E01003596,8
E01003597,1
E01003598,2
E01003600,6
E01003601,14
E01003602,9
E01003603,7
E01003604,14
E01003605,3
E01003606,6
E01003607,6
E01003609,25
E01003611,6
E01003615,1
E01003616,7
E01003617,23
E01003618,16
E01003619,34
E01003622,15
E01003623,5
E01003624,2
E01003630,5
E01003631,9
E01003633,10
E01003635,6
E01003636,12
E01003638,5
E01003639,5
E01003640,22
E01003641,7
E01003643,3
E01003644,2
E01003645,13
E01003646,10
E01003647,8
E01003648,2
E01003649,2
E01003650,2
E01003651,4
E01003653,11
E01003654,6
E01003655,10
E01003656,8
E01003657,3
E01003658,3
E01003659,8
E01003660,4
E01003661,3
E01003662,11
E01003663,8
E01003665,1
E01003666,4
E01003668,5
E01003670,6
E01003672,14
E01003673,8
E01003674,9
E01003675,9
E01003676,2
E01003677,8
E01003678,1
E01003679,3
E01003680,1
E01003681,12
E01003682,1
E01003683,2
E01003684,2
E01003686,5
E01003688,3
E01003689,17
E01003690,21
E01003691,2
E01003692,5
E01003693,4
E01003694,3
E01003695,2
E01003696,14
E01003697,9
E01003699,6
E01003700,10
E01003701,9
E01003702,2
E01003703,1
E01003704,3
E01003705,10
E01003706,6
E01003707,1
E01003708,4
E01003709,1
E01003710,4
E01003711,9
E01003712,2
E01003713,2
E01003714,9
E01003715,1
E01003716,4
E01003718,1
E01003719,15
E01003720,13
E01003721,2
E01003722,7
E01003723,7
E01003724,11
E01003725,1
E01003726,13
E01003727,4
E01003728,23
E01003729,2
E01003731,3
E01003733,1
E01003734,8
E01003735,6
E01003737,1
E01003738,3
E01003739,7
E01003740,6
E01003741,6
E01003742,1
E01003743,2
E01003744,5
E01003745,4
E01003746,9
E01003749,6
E01003750,21
E01003751,7
E01003752,6
E01003753,1
E01003755,11
E01003756,3
E01003758,4
E01003759,1
E01003760,11
E01003761,4
E01003762,7
E01003763,10
E01003764,13
E01003765,4
E01003767,8
E01003768,1
E01003769,18
E01003770,14
E01003773,6
E01003774,6
E01003775,3
E01003776,9
E01003777,6
E01003778,22
E01003779,6
E01003781,7
E01003782,4
E01003783,8
E01003788,10
E01003789,10
E01003791,13
E01003792,7
E01003793,8
E01003794,1
E01003795,3
E01003796,1
E01003797,5
E01003798,7
E01003799,13
E01003800,7
E01003801,11
E01003803,5
E01003804,3
E01003806,3
E01003807,10
E01003808,1
E01003809,3
E01003810,4
E01003811,1
E01003812,10
E01003814,9
E01003815,11
E01003816,15
E01003817,17
E01003818,2
E01003819,2
E01003820,6
E01003821,15
E01003822,2
E01003823,26
E01003824,5
E01003825,2
E01003826,6
E01003827,9
E01003828,7
E01003829,9
E01003830,16
E01003831,2
E01003832,2
E01003833,3
E01003834,14
E01003835,1
E01003836,3
E01003837,2
E01003838,2
E01003839,6
E01003840,2
E01003841,5
E01003842,10
E01003843,2
E01003844,6
E01003845,14
E01003846,2
E01003847,15
E01003848,7
E01003849,2
E01003851,5
E01003852,21
E01003853,5
E01003854,5
E01003855,12
E01003856,7
E01003857,2
E01003859,5
E01003860,23
E01003861,8
E01003862,4
E01003863,2
E01003864,6
E01003865,6
E01003866,6
E01003867,25
E01003868,2
E01003869,10
E01003870,12
E01003871,3
E01003872,15
E01003873,3
E01003874,4
E01003875,7
E01003876,31
E01003877,4
E01003878,6
E01003879,1
E01003880,4
E01003881,8
E01003882,11
E01003884,4
E01003885,8
E01003886,6
E01003887,4
E01003888,14
E01003889,8
E01003890,4
E01003891,12
E01003892,2
E01003893,4
E01003894,8
E01003895,8
E01003896,16
E01003897,13
E01003898,6
E01003899,2
E01003900,14
E01003901,3
E01003902,5
E01003903,20
E01003904,3
E01003905,8
E01003906,2
E01003907,3
E01003908,2
E01003909,4
E01003910,4
E01003911,9
E01003912,2
E01003913,6
E01003914,2
E01003915,2
E01003916,11
E01003919,5
E01003920,5
E01003921,23
E01003922,7
E01003923,8
E01003924,4
E01003925,1
E01003926,9
E01003927,29
E01003929,33
E01003930,15
E01003932,28
E01003933,36
E01003934,29
E01003935,8
E01003936,6
E01003937,10
E01003938,2
E01003939,22
E01003941,16
E01003942,8
E01003945,10
E01003946,11
E01003947,2
E01003948,15
E01003949,11
E01003950,7
E01003951,15
E01003952,4
E01003953,8
E01003954,2
E01003955,5
E01003956,4
E01003957,3
E01003958,5
E01003960,9
E01003961,8
E01003964,17
E01003966,12
E01003967,2
E01003968,6
E01003969,22
E01003970,7
E01003971,1
E01003972,1
E01003973,2
E01003974,2
E01003975,2
E01003976,10
E01003977,2
E01003978,6
E01003979,10
E01003980,13
E01003981,8
E01003983,9
E01003984,10
E01003986,7
E01003987,12
E01003988,19
E01003989,12
E01003990,7
E01003991,1
E01003993,7
E01003994,11
E01003995,1
E01003997,2
E01003998,5
E01003999,2
E01004000,6
E01004001,3
E01004002,10
E01004003,3
E01004004,5
E01004005,6
E01004008,6
E01004010,13
E01004011,1
E01004012,4
E01004013,5
E01004014,2
E01004015,16
E01004016,8
E01004017,6
E01004018,13
E01004019,3
E01004020,3
E01004021,6
E01004022,10
E01004023,11
E01004024,2
E01004027,60
E01004028,11
E01004029,4
E01004030,4
E01004031,45
E01004033,8
E01004034,18
E01004035,6
E01004036,6
E01004037,5
E01004038,11
E01004039,5
E01004040,15
E01004041,2
E01004042,9
E01004043,6
E01004044,4
E01004045,6
E01004046,4
E01004047,4
E01004048,6
E01004049,3
E01004050,2
E01004051,9
E01004052,7
E01004053,3
E01004054,5
E01004055,4
E01004056,8
E01004057,5
E01004058,1
E01004059,5
E01004060,11
E01004061,3
E01004062,7
E01004063,5
E01004064,13
E01004065,1
E01004066,3
E01004067,25
E01004068,1
E01004069,23
E01004070,14
E01004071,3
E01004072,6
E01004073,5
E01004074,15
E01004075,12
E01004076,24
E01004077,9
E01004078,2
E01004080,2
E01004083,2
E01004084,6
E01004085,7
E01004086,19
E01004087,4
E01004088,2
E01004089,2
E01004090,6
E01004091,7
E01004092,6
E01004093,5
E01004094,11
E01004095,3
E01004096,1
E01004097,1
E01004098,4
E01004099,11
E01004100,4
E01004101,4
E01004102,3
E01004103,7
E01004104,2
E01004105,10
E01004106,9
E01004107,9
E01004108,8
E01004109,8
E01004110,8
E01004111,9
E01004112,8
E01004114,10
E01004115,1
E01004116,5
E01004118,15
E01004119,2
E01004120,4
E01004122,4
E01004123,16
E01004124,1
E01004125,4
E01004126,1
E01004127,5
E01004128,8
E01004129,20
E01004130,23
E01004131,7
E01004132,5
E01004133,6
E01004134,12
E01004135,4
E01004137,16
E01004138,6
E01004139,2
E01004140,8
E01004141,4
E01004142,25
E01004143,1
E01004144,7
E01004145,9
E01004146,10
E01004147,4
E01004148,13
E01004149,6
E01004150,6
E01004151,2
E01004152,9
E01004153,1
E01004155,2
E01004156,6
E01004157,4
E01004158,1
E01004159,9
E01004160,3
E01004161,1
E01004162,2
E01004163,4
E01004164,6
E01004165,10
E01004166,2
E01004167,1
E01004168,1
E01004169,3
E01004170,11
E01004171,7
E01004172,3
E01004175,8
E01004176,3
E01004177,10
E01004178,11
E01004179,1
E01004180,3
E01004181,6
E01004182,1
E01004183,6
E01004184,4
E01004185,7
E01004186,5
E01004188,10
E01004189,2
E01004190,3
E01004191,8
E01004192,3
E01004193,3
E01004195,13
E01004196,4
E01004197,10
E01004198,8
E01004200,1
E01004201,1
E01004202,8
E01004203,9
E01004204,3
E01004205,6
E01004206,2
E01004207,5
E01004208,27
E01004209,6
E01004211,8
E01004212,5
E01004214,1
E01004215,12
E01004216,1
E01004217,13
E01004218,2
E01004219,30
E01004221,8
E01004222,2
E01004223,9
E01004224,24
E01004225,9
E01004226,4
E01004228,4
E01004229,2
E01004230,11
E01004231,5
E01004232,23
E01004233,1
E01004234,9
E01004235,8
E01004236,2
E01004237,2
E01004238,21
E01004239,5
E01004240,1
E01004241,4
E01004242,5
E01004243,11
E01004244,7
E01004245,7
E01004246,8
E01004247,14
E01004248,8
E01004249,10
E01004250,2
E01004251,2
E01004252,9
E01004253,7
E01004254,20
E01004255,12
E01004256,4
E01004257,5
E01004259,9
E01004260,2
E01004261,14
E01004262,8
E01004263,1
E01004264,2
E01004266,2
E01004267,8
E01004269,15
E01004270,15
E01004271,6
E01004272,6
E01004273,16
E01004274,2
E01004275,2
E01004276,2
E01004277,49
E01004280,6
E01004281,2
E01004283,1
E01004284,6
E01004285,1
E01004286,2
E01004287,4
E01004288,2
E01004289,7
E01004290,7
E01004291,6
E01004292,3
E01004293,29
E01004294,20
E01004295,5
E01004296,10
E01004297,6
E01004298,6
E01004300,3
E01004301,9
E01004302,2
E01004303,15
E01004304,4
E01004305,5
E01004307,18
E01004308,2
E01004309,27
E01004310,8
E01004311,2
E01004313,7
E01004315,1
E01004317,10
E01004318,9
E01004319,3
E01004321,6
E01004322,18
E01004325,17
E01004326,7
E01004327,1
E01004328,7
E01004329,6
E01004331,4
E01004332,6
E01004333,1
E01004334,1
E01004335,7
E01004336,10
E01004337,2
E01004339,1
E01004341,11
E01004342,10
E01004343,5
E01004344,13
E01004345,4
E01004346,5
E01004347,3
E01004348,9
E01004349,11
E01004350,15
E01004351,5
E01004352,5
E01004353,10
E01004354,15
E01004355,5
E01004356,13
E01004357,7
E01004358,6
E01004359,2
E01004360,7
E01004361,4
E01004362,28
E01004363,16
E01004364,9
E01004365,18
E01004366,8
E01004368,3
E01004369,2
E01004370,6
E01004371,2
E01004373,1
E01004374,7
E01004375,7
E01004376,9
E01004377,20
E01004378,10
E01004379,6
E01004381,6
E01004383,3
E01004384,6
E01004385,2
E01004386,3
E01004387,2
E01004388,4
E01004389,5
E01004390,5
E01004391,18
E01004392,23
E01004393,13
E01004394,3
E01004395,2
E01004396,3
E01004397,19
E01004398,11
E01004399,14
E01004400,10
E01004401,5
E01004402,1
E01004403,19
E01004404,2
E01004405,4
E01004406,14
E01004407,9
E01004408,6
E01004409,4
E01004410,2
E01004411,15
E01004413,10
E01004414,4
E01004415,1
E01004416,6
E01004417,7
E01004418,3
E01004419,8
E01004420,17
E01004421,4
E01004422,29
E01004423,7
E01004424,9
E01004425,10
E01004426,2
E01004427,16
E01004428,9
E01004429,15
E01004430,28
E01004432,1
E01004434,4
E01004435,4
E01004436,8
E01004437,7
E01004438,25
E01004439,4
E01004440,13
E01004443,3
E01004444,11
E01004446,1
E01004448,6
E01004449,3
E01004450,6
E01004451,1
E01004452,9
E01004453,10
E01004454,1
E01004455,17
E01004456,2
E01004457,1
E01004458,13
E01004459,5
E01004460,7
E01004461,10
E01004462,3
E01004463,1
E01004464,8
E01004466,4
E01004467,18
E01004468,22
E01004469,6
E01004470,10
E01004473,2
E01004474,21
E01004476,14
E01004477,6
E01004478,4
E01004479,3
E01004481,7
E01004482,3
E01004483,10
E01004484,3
E01004485,8
E01004486,5
E01004488,3
E01004489,1
E01004490,2
E01004491,3
E01004492,7
E01004493,1
E01004494,7
E01004495,1
E01004496,16
E01004497,2
E01004498,1
E01004499,9
E01004500,5
E01004501,8
E01004502,1
E01004503,5
E01004504,1
E01004505,3
E01004506,7
E01004507,5
E01004508,7
E01004509,41
E01004510,11
E01004511,5
E01004513,8
E01004514,16
E01004517,4
E01004518,1
E01004519,7
E01004522,7
E01004523,12
E01004524,8
E01004525,12
E01004526,7
E01004527,1
E01004528,7
E01004529,7
E01004530,1
E01004532,2
E01004533,1
E01004534,7
E01004535,3
E01004536,5
E01004537,9
E01004538,11
E01004540,17
E01004541,5
E01004542,2
E01004543,5
E01004545,6
E01004547,5
E01004548,7
E01004549,10
E01004550,3
E01004551,20
E01004552,10
E01004553,11
E01004554,16
E01004555,4
E01004557,1
E01004558,8
E01004559,8
E01004560,12
E01004562,33
E01004563,5
E01004564,7
E01004565,4
E01004566,9
E01004567,7
E01004568,7
E01004569,11
E01004570,2
E01004571,12
E01004572,23
E01004573,13
E01004574,2
E01004575,10
E01004576,1
E01004577,6
E01004579,3
E01004580,4
E01004581,5
E01004582,3
E01004583,15
E01004585,11
E01004586,4
E01004587,2
E01004588,6
E01004589,2
E01004590,4
E01004591,9
E01004592,4
E01004593,8
E01004594,3
E01004595,5
E01004596,2
E01004597,1
E01004598,4
E01004600,14
E01004601,5
E01004602,3
E01004604,5
E01004605,6
E01004606,7
E01004607,4
E01004608,2
E01004609,31
E01004610,1
E01004611,4
E01004612,4
E01004613,9
E01004614,2
E01004615,5
E01004616,4
E01004617,19
E01004619,10
E01004621,26
E01004622,8
E01004623,3
E01004624,2
E01004625,1
E01004626,11
E01004627,7
E01004628,3
E01004629,6
E01004630,4
E01004631,4
E01004632,4
E01004633,2
E01004634,2
E01004635,4
E01004636,3
E01004637,4
E01004638,2
E01004639,1
E01004640,6
E01004641,6
E01004642,4
E01004643,5
E01004644,8
E01004645,2
E01004646,8
E01004647,7
E01004648,10
E01004649,13
E01004650,10
E01004651,4
E01004652,4
E01004653,6
E01004654,2
E01004656,4
E01004657,21
E01004658,22
E01004659,6
E01004660,24
E01004661,35
E01004662,18
E01004663,7
E01004665,2
E01004666,9
E01004667,7
E01004668,3
E01004669,6
E01004670,5
E01004674,1
E01004675,15
E01004676,4
E01004677,2
E01004678,3
E01004679,11
E01004680,16
E01004681,24
E01004682,24
E01004683,18
E01004684,11
E01004686,5
E01004687,14
E01004688,14
E01004689,72
E01004690,10
E01004691,25
E01004692,5
E01004693,3
E01004694,9
E01004695,13
E01004696,6
E01004698,5
E01004699,12
E01004701,3
E01004702,8
E01004703,9
E01004705,4
E01004708,7
E01004709,2
E01004710,4
E01004711,2
E01004712,21
E01004713,25
E01004714,58
E01004715,19
E01004716,28
E01004717,2
E01004718,1
E01004720,5
E01004721,10
E01004723,3
E01004725,16
E01004726,14
E01004727,33
E01004728,7
E01004729,5
E01004730,11
E01004731,68
E01004732,5
E01004733,89
E01004734,41
E01004735,69
E01004736,145
E01004737,12
E01004738,10
E01004740,4
E01004741,12
E01004742,3
E01004743,5
E01004744,2
E01004745,29
E01004747,7
E01004748,13
E01004749,21
E01004750,63
E01004751,6
E01004753,1
E01004754,1
E01004755,10
E01004756,1
E01004757,5
E01004760,1
E01004761,28
E01004762,41
E01004763,37
E01004765,48
E01032512,9
E01032513,2
E01032562,5
E01032563,3
E01032564,5
E01032565,4
E01032566,4
E01032567,6
E01032568,13
E01032569,11
E01032570,9
E01032572,6
E01032573,24
E01032574,14
E01032575,2
E01032577,2
E01032579,13
E01032580,3
E01032581,2
E01032582,41
E01032583,15
E01032584,22
E01032623,3
E01032639,8
E01032640,3
E01032646,9
E01032719,8
E01032720,22
E01032722,11
E01032739,3
E01032740,1
E01032741,14
E01032742,4
E01032743,2
E01032744,8
E01032764,19
E01032765,5
E01032766,3
E01032767,15
E01032768,1
E01032769,10
E01032771,33
E01032772,3
E01032776,2
E01032777,3
E01032778,27
E01032779,2
E01032780,29
E01032781,3
E01032782,5
E01032783,3
E01032784,2
E01032786,4
E01032787,2
E01032788,6
E01032789,2
E01032805,3
E01032834,1
E01033000,1
E01033030,3
E01033081,7
E01033082,9
E01033083,22
E01033084,11
E01033085,11
E01033093,12
E01033098,18
E01033099,6
E01033100,18
E01033101,11
E01033132,21
E01033133,2
E01033135,3
E01033146,4
E01033148,1
E01033150,4
E01033151,9
E01033153,2
E01033207,15
E01033208,14
E01033320,3
E01033322,7
E01033324,3
E01033325,1
E01033327,33
E01033341,13
E01033424,15
E01033455,9
E01033456,8
E01033457,5
E01033463,8
E01033464,3
E01033485,4
E01033486,7
E01033488,5
E01033489,14
E01033490,11
E01033491,17
E01033568,2
E01033569,17
E01033570,8
E01033571,7
E01033572,7
E01033573,4
E01033574,10
E01033575,3
E01033576,42
E01033577,18
E01033578,24
E01033579,11
E01033581,13
E01033582,8
E01033583,128
E01033584,4
E01033585,30
E01033586,10
E01033587,6
E01033588,2
E01033589,12
E01033590,2
E01033591,14
E01033593,5
E01033594,14
E01033595,82
E01033596,2
E01033597,8
E01033598,2
E01033599,1
E01033601,3
E01033602,1
E01033603,2
E01033604,9
E01033606,4
E01033608,5
E01033698,2
E01033699,14
E01033700,15
E01033701,8
E01033702,4
E01033703,5
E01033704,13
E01033705,12
E01033706,21
E01033707,10
E01033708,56
E01033709,6
E01033711,10
E01033712,7
E01033713,8
E01033724,15
E01033725,16
E01033726,39
E01033727,22
E01033728,7
E01033729,9
E01033730,14
E01033731,17
E01033732,11
E01033733,6
E01033735,15
E01033737,23
E01033738,29
E01033740,8
E01033741,18
E01033742,2
E01033743,7
E01033744,4
E01033745,12
E01033746,6
